{"Precision": 0.9482758620689655, "Recall": 0.9717314487632509, "F1-Score": 0.9598603839441536, "ROC-AUC": 0.9993586836137336}