{"Precision": 0.8787878787878788, "Recall": 0.7173144876325088, "F1-Score": 0.7898832684824902, "ROC-AUC": 0.9806297136226991}